{"inputUnits":[34],"outputUnits":2,"inputs":{"0":{"dtype":"number","min":379.80361551801593,"max":645.2734916344953},"1":{"dtype":"number","min":113.42776173968991,"max":259.19507879959906},"2":{"dtype":"number","min":388.63821464672424,"max":648.8161963747258},"3":{"dtype":"number","min":103.51511696858248,"max":230.6071861817358},"4":{"dtype":"number","min":372.3559171739842,"max":639.6676163552564},"5":{"dtype":"number","min":105.14080798649184,"max":228.19797329967713},"6":{"dtype":"number","min":402.5198587339524,"max":653.1367204156768},"7":{"dtype":"number","min":108.91193233735379,"max":238.35973185637772},"8":{"dtype":"number","min":360.56669848704195,"max":631.162068327965},"9":{"dtype":"number","min":111.24459130954554,"max":237.11052729140016},"10":{"dtype":"number","min":429.926487734908,"max":654.110294215628},"11":{"dtype":"number","min":172.22871717189022,"max":323.35530955889067},"12":{"dtype":"number","min":340.22848132990487,"max":591.8588946902031},"13":{"dtype":"number","min":173.83386920534844,"max":330.24810791015625},"14":{"dtype":"number","min":446.6428373756929,"max":629.271328872175},"15":{"dtype":"number","min":254.8545078924525,"max":436.64640355993197},"16":{"dtype":"number","min":287.9255203336303,"max":578.2694653739705},"17":{"dtype":"number","min":222.74544461196393,"max":437.14720415557804},"18":{"dtype":"number","min":448.23251110768456,"max":606.2851100869578},"19":{"dtype":"number","min":330.6694592927631,"max":489.2861730266965},"20":{"dtype":"number","min":226.76851447330347,"max":577.3810793038232},"21":{"dtype":"number","min":223.25719048870002,"max":484.8555168166728},"22":{"dtype":"number","min":413.72017010843075,"max":632.2637719345836},"23":{"dtype":"number","min":313.7548840022691,"max":509.9450754979897},"24":{"dtype":"number","min":358.7292550367686,"max":622.6414492720517},"25":{"dtype":"number","min":316.89716896815605,"max":509.46830169499265},"26":{"dtype":"number","min":427.03287760416663,"max":594.2398419296532},"27":{"dtype":"number","min":414.4111451860989,"max":539.081401025575},"28":{"dtype":"number","min":346.4361203437195,"max":613.9436527720668},"29":{"dtype":"number","min":425.22082293475114,"max":539.7971346224957},"30":{"dtype":"number","min":431.7206107989157,"max":596.3328117980362},"31":{"dtype":"number","min":468.52475171897845,"max":557.8492229677315},"32":{"dtype":"number","min":343.12312373408565,"max":597.3733388145997},"33":{"dtype":"number","min":497.1131364550971,"max":557.0442708333333}},"outputs":{"0":{"dtype":"string","min":0,"max":1,"uniqueValues":["b","w"],"legend":{"b":[1,0],"w":[0,1]}}},"isNormalized":true}