{"inputUnits":[34],"outputUnits":2,"inputs":{"0":{"dtype":"number","min":113.48610563817311,"max":596.7627411186114},"1":{"dtype":"number","min":0.9416900694254053,"max":230.75774373134442},"2":{"dtype":"number","min":142.98462627923976,"max":598.8373889792964},"3":{"dtype":"number","min":-27.88140488414504,"max":219.9383569460863},"4":{"dtype":"number","min":94.34027539823951,"max":592.3907399316977},"5":{"dtype":"number","min":-29.06517817030641,"max":218.08522676166734},"6":{"dtype":"number","min":175.13269227382963,"max":594.7820812916895},"7":{"dtype":"number","min":-9.692688583165818,"max":228.03380776567064},"8":{"dtype":"number","min":67.53924037048458,"max":582.8051974945365},"9":{"dtype":"number","min":-9.703042548999463,"max":222.19307496069},"10":{"dtype":"number","min":231.79665251317311,"max":582.7194579721194},"11":{"dtype":"number","min":18.554052163285817,"max":305.5539565058479},"12":{"dtype":"number","min":42.38812496787623,"max":563.4229601289329},"13":{"dtype":"number","min":13.936272634167878,"max":299.8571449041831},"14":{"dtype":"number","min":273.88168840612815,"max":591.7954020658199},"15":{"dtype":"number","min":124.93161147565635,"max":419.60453907183967},"16":{"dtype":"number","min":40.25653299997192,"max":579.7687450208161},"17":{"dtype":"number","min":126.77684761627376,"max":395.0671053583394},"18":{"dtype":"number","min":283.5030506275318,"max":606.0496571561281},"19":{"dtype":"number","min":129.78018598946912,"max":511.8006049262152},"20":{"dtype":"number","min":47.30773866292793,"max":601.0300436633372},"21":{"dtype":"number","min":132.09250764307686,"max":486.0709474797834},"22":{"dtype":"number","min":231.8428500586318,"max":573.1109036153753},"23":{"dtype":"number","min":166.76271375392147,"max":475.0510152180989},"24":{"dtype":"number","min":121.04981494925872,"max":562.9209605434485},"25":{"dtype":"number","min":173.08955915722464,"max":472.69547966256243},"26":{"dtype":"number","min":222.46399312456217,"max":582.0780275579084},"27":{"dtype":"number","min":209.98666387784783,"max":555.1628371567754},"28":{"dtype":"number","min":137.09525244045443,"max":577.405576501441},"29":{"dtype":"number","min":213.010822615893,"max":551.0969106216877},"30":{"dtype":"number","min":216.70948140105307,"max":580.8355443705359},"31":{"dtype":"number","min":239.69607786360768,"max":559.8070059138664},"32":{"dtype":"number","min":115.70647003590247,"max":578.3698532967074},"33":{"dtype":"number","min":241.6872608266611,"max":557.5971006278173}},"outputs":{"0":{"dtype":"string","min":0,"max":1,"uniqueValues":["f","w"],"legend":{"f":[1,0],"w":[0,1]}}},"isNormalized":true}